{
  "parent": "minecraft:recipes/root",
  "criteria": {
    "has_stone_bricks": {
      "conditions": {
        "items": [
          {
            "tag": "minecraft:stone_bricks"
          }
        ]
      },
      "trigger": "minecraft:inventory_changed"
    },
    "has_the_recipe": {
      "conditions": {
        "recipe": "minecraft:stone_brick_stairs"
      },
      "trigger": "minecraft:recipe_unlocked"
    }
  },
  "requirements": [
    [
      "has_stone_bricks",
      "has_the_recipe"
    ]
  ],
  "rewards": {
    "recipes": [
      "minecraft:stone_brick_stairs"
    ]
  },
  "sends_telemetry_event": false
}